<?xml version="1.0" encoding="UTF-8"?><metadata>
    <idinfo>
        <citation>
            <citeinfo>
                <title>Parks</title>
                <geoform>vector digital data</geoform>
            </citeinfo>
        </citation>
        <descript>
            <abstract>By using this data, you agree to the SEMCOG Copyright License Agreement.This dataset contains basic location information on parks in Southeast Michigan.  More detailed information about these parks can be found in the Park Attributes dataset, also hosted at SEMCOG's Open Data Portal.  </abstract>
            <purpose>Park locations in Southeast Michigan.</purpose>
        </descript>
        <spdom>
            <bounding>
                <westbc>-84.143205</westbc>
                <eastbc>-82.412964</eastbc>
                <northbc>43.177333</northbc>
                <southbc>41.709752</southbc>
            </bounding>
        </spdom>
        <keywords>
            <theme>
                <themekt>None</themekt>
                <themekey>Parks</themekey>
            </theme>
        </keywords>
        <accconst>Other Constraints</accconst>
        <useconst>By using this data, you agree to the SEMCOG Copyright License Agreement.</useconst>
        <ptcontac>
            <cntinfo>
                <cntorgp>
                    <cntorg>Southeast Michigan Council of Governments (SEMCOG)</cntorg>
                </cntorgp>
                <cntaddr>
                    <addrtype>mailing and physical</addrtype>
                    <address>1001 Woodward Avenue, Suite 1400</address>
                    <city>Detroit</city>
                    <state>MI</state>
                    <postal>48226-1904</postal>
                    <country>US</country>
                </cntaddr>
                <cntvoice>313-961-4266</cntvoice>
                <cntfax>313-961-4869</cntfax>
                <cntemail>infocenter@semcog.org</cntemail>
            </cntinfo>
        </ptcontac>
        <datacred>Southeast Michigan Council of Governments (SEMCOG)</datacred>
        <native>Version 6.2 (Build 9200) ; Esri ArcGIS 10.5.0.6491</native>
    </idinfo>
    <spdoinfo>
        <direct>Vector</direct>
        <ptvctinf>
            <sdtsterm>
                <sdtstype>GT-polygon composed of chains</sdtstype>
                <ptvctcnt>2657</ptvctcnt>
            </sdtsterm>
        </ptvctinf>
    </spdoinfo>
    <eainfo>
        <detailed>
            <enttyp>
                <enttypl>Parks</enttypl>
            </enttyp>
            <attr>
                <attrlabl>OBJECTID_1</attrlabl>
                <attrdef>Internal feature number.</attrdef>
                <attrdefs>Esri</attrdefs>
                <attrdomv>
                                                            					
                    
                    
                    <udom>Sequential unique whole numbers that are automatically generated.</udom>
                                                            				
                
                
                </attrdomv>
            </attr>
            <attr>
                <attrlabl>OBJECTID</attrlabl>
                <attrdef>Internal feature number.</attrdef>
                <attrdefs>Esri</attrdefs>
                <attrdomv>
                                                            					
                    
                    
                    <udom>Sequential unique whole numbers that are automatically generated.</udom>
                                                            				
                
                
                </attrdomv>
            </attr>
            <attr>
                <attrlabl>Shape_Leng</attrlabl>
                <attrdef>Length</attrdef>
            </attr>
            <attr>
                <attrlabl>Shape.STArea()</attrlabl>
                <attrdef>Area</attrdef>
            </attr>
            <attr>
                <attrlabl>ACRES</attrlabl>
                <attrdef>Acres</attrdef>
                <attrdefs>SEMCOG</attrdefs>
            </attr>
            <attr>
                <attrlabl>Shape</attrlabl>
                <attrdef>Feature geometry.</attrdef>
                <attrdefs>Esri</attrdefs>
                <attrdomv>
                                                            					
                    
                    
                    <udom>Coordinates defining the features.</udom>
                                                            				
                
                
                </attrdomv>
            </attr>
            <attr>
                <attrlabl>Shape.STLength()</attrlabl>
                <attrdef>Length</attrdef>
            </attr>
            <attr>
                <attrlabl>OWNER</attrlabl>
                <attrdef>Park Owner</attrdef>
                <attrdefs>SEMCOG</attrdefs>
            </attr>
            <attr>
                <attrlabl>TYPE</attrlabl>
                <attrdef>Park Type</attrdef>
                <attrdefs>SEMCOG</attrdefs>
                <attrdomv>
                                                            					
                    
                    
                    <edom>
                                                                        						
                        
                        
                        <edomv>4</edomv>
                                                                        						
                        
                        
                        <edomvd>Federal Land</edomvd>
                                                                        					
                    
                    
                    </edom>
                                                            				
                
                
                </attrdomv>
                <attrdomv>
                                                            					
                    
                    
                    <edom>
                                                                        						
                        
                        
                        <edomv>8</edomv>
                                                                        						
                        
                        
                        <edomvd>Municipal Park</edomvd>
                                                                        					
                    
                    
                    </edom>
                                                            				
                
                
                </attrdomv>
                <attrdomv>
                                                            					
                    
                    
                    <edom>
                                                                        						
                        
                        
                        <edomv>6</edomv>
                                                                        						
                        
                        
                        <edomvd>Hunt Club</edomvd>
                                                                        					
                    
                    
                    </edom>
                                                            				
                
                
                </attrdomv>
                <attrdomv>
                                                            					
                    
                    
                    <edom>
                                                                        						
                        
                        
                        <edomv>3</edomv>
                                                                        						
                        
                        
                        <edomvd>Dedicated Open Space</edomvd>
                                                                        					
                    
                    
                    </edom>
                                                            				
                
                
                </attrdomv>
                <attrdomv>
                                                            					
                    
                    
                    <edom>
                                                                        						
                        
                        
                        <edomv>16</edomv>
                                                                        						
                        
                        
                        <edomvd>Subdivision Park</edomvd>
                                                                        					
                    
                    
                    </edom>
                                                            				
                
                
                </attrdomv>
                <attrdomv>
                                                            					
                    
                    
                    <edom>
                                                                        						
                        
                        
                        <edomv>11</edomv>
                                                                        						
                        
                        
                        <edomvd>Research Area</edomvd>
                                                                        					
                    
                    
                    </edom>
                                                            				
                
                
                </attrdomv>
                <attrdomv>
                                                            					
                    
                    
                    <edom>
                                                                        						
                        
                        
                        <edomv>7</edomv>
                                                                        						
                        
                        
                        <edomvd>Metro Park</edomvd>
                                                                        					
                    
                    
                    </edom>
                                                            				
                
                
                </attrdomv>
                <attrdomv>
                                                            					
                    
                    
                    <edom>
                                                                        						
                        
                        
                        <edomv>9</edomv>
                                                                        						
                        
                        
                        <edomvd>Nature Preserve</edomvd>
                                                                        					
                    
                    
                    </edom>
                                                            				
                
                
                </attrdomv>
                <attrdomv>
                                                            					
                    
                    
                    <edom>
                                                                        						
                        
                        
                        <edomv>5</edomv>
                                                                        						
                        
                        
                        <edomvd>Golf Course</edomvd>
                                                                        					
                    
                    
                    </edom>
                                                            				
                
                
                </attrdomv>
                <attrdomv>
                                                            					
                    
                    
                    <edom>
                                                                        						
                        
                        
                        <edomv>12</edomv>
                                                                        						
                        
                        
                        <edomvd>Ski Area</edomvd>
                                                                        					
                    
                    
                    </edom>
                                                            				
                
                
                </attrdomv>
                <attrdomv>
                                                            					
                    
                    
                    <edom>
                                                                        						
                        
                        
                        <edomv>1</edomv>
                                                                        						
                        
                        
                        <edomvd>Camp or Campground</edomvd>
                                                                        					
                    
                    
                    </edom>
                                                            				
                
                
                </attrdomv>
                <attrdomv>
                                                            					
                    
                    
                    <edom>
                                                                        						
                        
                        
                        <edomv>14</edomv>
                                                                        						
                        
                        
                        <edomvd>State Park</edomvd>
                                                                        					
                    
                    
                    </edom>
                                                            				
                
                
                </attrdomv>
                <attrdomv>
                                                            					
                    
                    
                    <edom>
                                                                        						
                        
                        
                        <edomv>10</edomv>
                                                                        						
                        
                        
                        <edomvd>Private Recreation</edomvd>
                                                                        					
                    
                    
                    </edom>
                                                            				
                
                
                </attrdomv>
                <attrdomv>
                                                            					
                    
                    
                    <edom>
                                                                        						
                        
                        
                        <edomv>13</edomv>
                                                                        						
                        
                        
                        <edomvd>State Game Area</edomvd>
                                                                        					
                    
                    
                    </edom>
                                                            				
                
                
                </attrdomv>
                <attrdomv>
                                                            					
                    
                    
                    <edom>
                                                                        						
                        
                        
                        <edomv>2</edomv>
                                                                        						
                        
                        
                        <edomvd>County Park</edomvd>
                                                                        					
                    
                    
                    </edom>
                                                            				
                
                
                </attrdomv>
                <attrdomv>
                                                            					
                    
                    
                    <edom>
                                                                        						
                        
                        
                        <edomv>15</edomv>
                                                                        						
                        
                        
                        <edomvd>State Recreation Area</edomvd>
                                                                        					
                    
                    
                    </edom>
                                                            				
                
                
                </attrdomv>
            </attr>
            <attr>
                <attrlabl>OWNER_TYPE</attrlabl>
                <attrdef>Owner Type</attrdef>
                <attrdefs>SEMCOG</attrdefs>
                <attrdomv>
                                                            					
                    
                    
                    <edom>
                                                                        						
                        
                        
                        <edomv>1</edomv>
                                                                        						
                        
                        
                        <edomvd>Non Profit</edomvd>
                                                                        					
                    
                    
                    </edom>
                                                            				
                
                
                </attrdomv>
                <attrdomv>
                                                            					
                    
                    
                    <edom>
                                                                        						
                        
                        
                        <edomv>2</edomv>
                                                                        						
                        
                        
                        <edomvd>Private</edomvd>
                                                                        					
                    
                    
                    </edom>
                                                            				
                
                
                </attrdomv>
                <attrdomv>
                                                            					
                    
                    
                    <edom>
                                                                        						
                        
                        
                        <edomv>3</edomv>
                                                                        						
                        
                        
                        <edomvd>Public</edomvd>
                                                                        					
                    
                    
                    </edom>
                                                            				
                
                
                </attrdomv>
                <attrdomv>
                                                            					
                    
                    
                    <edom>
                                                                        						
                        
                        
                        <edomv>4</edomv>
                                                                        						
                        
                        
                        <edomvd>Public Institution</edomvd>
                                                                        					
                    
                    
                    </edom>
                                                            				
                
                
                </attrdomv>
            </attr>
            <attr>
                <attrlabl>NAME</attrlabl>
                <attrdef>Park Name</attrdef>
                <attrdefs>SEMCOG</attrdefs>
            </attr>
        </detailed>
    </eainfo>
    <metainfo>
        <metd>20180720</metd>
        <metc>
            <cntinfo>
                <cntorgp>
                    <cntorg>SEMCOG</cntorg>
                </cntorgp>
                <cntaddr>
                    <addrtype>mailing and physical</addrtype>
                    <address>1001 Woodward Avenue, Suite 1400</address>
                    <city>Detroit</city>
                    <state>MI</state>
                    <postal>48226-1904</postal>
                    <country>US</country>
                </cntaddr>
                <cntvoice>313-961-4266</cntvoice>
                <cntfax>313-961-4869</cntfax>
                <cntemail>infocenter@semcog.org</cntemail>
            </cntinfo>
        </metc>
        <metstdn>FGDC Content Standard for Digital Geospatial Metadata</metstdn>
        <metstdv>FGDC-STD-001-1998</metstdv>
        <mettc>local time</mettc>
        <metuc>The following data is provided by SEMCOG for informational use only. Every reasonable effort has been made to assure the accuracy of this data however portions of the information may be incorrect. When using this data please Source: SEMCOG.</metuc>
    </metainfo>
</metadata>
